key,en,fa,ku,ar,bal,az
page_title,Digital Iran Freedom Congress,کنگره‌ی دیجیتال آزادی ایران,کۆنگرەی دیجیتاڵیی ئازادیی ئێران,المؤتمر الرقمي لحرية إيران,ایران ءِ آزاتی ءِ ڈیجیٹالی کانگرس,ایرانین دیجیتال آزادلیق کونقره‌سی
meta_description,"A continuous, digital-first political engagement space for Iranians. Every weekend, without end.",فضای مشارکت سیاسی پیوسته و دیجیتال برای ایرانیان. هر آخر هفته، بدون پایان.,بۆشایی بەشداری سیاسی بەردەوام و دیجیتاڵ بۆ ئێرانیان. هەموو کۆتایی هەفتەیەک، بەبێ کۆتایی.,فضاء مشاركة سياسية مستمرة ورقمية للإيرانيين. كل نهاية أسبوع، بلا نهاية.,ایرانیانی یک مدامیݔں سیاسی پدگیری ءِ ڈیجیٹالی جاگہ. ھر ھپتگ ءِ آخرا، بے سرھد.,ایرانلیلار اوچون داواملی و ایلک نؤوبه‌ده دیجیتال سیاسی ایشتیراک فضاسی. هر هفته‌سونو، سونسوز.
nav_about,About,درباره,دەربارە,حول,بارہ ءَ,حاقیندا
nav_working_groups,Working Groups,کارگروه‌ها,گرووپە کارەکان,مجموعات العمل,کار ءِ گرۏپاں,ایشچی قروپلار
nav_governance,Governance,حکمرانی,بەڕێوەبردن,الحوكمة,سررشتگی,ایداره‌ائتمه
nav_join,Join,عضویت,بەشداری,انضمام,گۏں بئیگ,قوشولما
nav_redlines,Red Lines,خطوط قرمز,هێڵی سوور,خطوط حمراء,سُھرݔں لکݔر,قیرمیزی خطلر
nav_partners,Partners,همکاران,هاوبەشان,شركاء,ھمکاراں,طرفداشلار
hero_label,A Continuous Political Engagement Space,فضای مشارکت سیاسی پیوسته,بۆشایی بەشداری سیاسی بەردەوام,فضاء مشاركة سياسية مستمرة,مدامیݔں سیاسی پدگیری ءِ جاگہ,داواملی سیاسی ایشتیراک فضاسی
hero_subtitle,"Every weekend, without end — a structured, secure, digital space where Iranians deliberate, decide, and act together. Not a one-off event. A permanent rhythm of freedom.",هر آخر هفته، بدون پایان — فضایی سازمان‌دهی‌شده، امن و دیجیتال که ایرانیان در آن گفتگو می‌کنند، تصمیم می‌گیرند و با هم عمل می‌کنند. نه یک رویداد یکباره. یک ریتم دائمی آزادی.,ڕۆژانی کۆتایی هەموو هەفتەیەک، بێ کۆتایی. فەزایەکی ڕێکخراو، پارێزراو و دیجیتاڵ کە ئێرانییەکان تێیدا گفتوگۆ دەکەن، بڕیار دەدەن و پێکەوە کار دەکەن، نەک تەنها چالاکییەکی کاتی، بەڵکوو ڕیتمێکی هەمیشەیی بەرەو ئازادی.,كل نهاية أسبوع، بلا نهاية — فضاء منظم وآمن ورقمي يتشاور فيه الإيرانيون ويقررون ويعملون معاً. ليس حدثاً لمرة واحدة. إيقاع دائم للحرية.,ھر ھپتگ ءِ آخرا، بے سرھد — یک رݔکبند، سلامت ءُ ڈیجیٹالی جاگھے کہ ایرانی اۏدا گۏں یکدگرا گپ جن انت، پݔسلہ کن انت ءُ کار کن انت. اے یک واریݔں رۏدادے نہ اِنت. آزاتی ءِ یک مدامیݔں ریتمے۔,هر هفته‌سونو، سونسوز — ایرانلیلارین بیرلیکده مصلحتلشدیگی، قرار وئردیگی و آددیم آتدیغی ایستروکتورلو، تهلوکه‌سیز و دیجیتال فضا. بیر دفعه‌لیک حادیثه دئییل. آزادلیغین دایمی ریتمی.
btn_join,Join the Congress,به کنگره بپیوندید,بەشداربە لە کۆنگرەدا,انضم إلى المؤتمر,کانگرس ءَ گۏں بئیت,کونقره‌یه قوشولون
btn_learn_more,Learn More,بیشتر بدانید,زیاتر بزانە,اعرف المزيد,گݔشتر بزان اِت,داها چوخ اؤیره‌نین
stat_working_groups,Working Groups,کارگروه,گرووپی کار,مجموعات عمل,کار ءِ گرۏپ,ایشچی قروپ
stat_launch_sprint,Launch Sprint,اسپرینت آغازین,سپرینتی دەستپێک,سبرنت الإطلاق,بنگیجی اسپرینت,باشلانغیج ایسپرینتی
stat_weekends,Weekends,آخر هفته‌ها,کۆتایی هەفتە,نهايات الأسبوع,ھپتگ ءِ آخراں,هفته‌سونلاری
stat_venue_cost,Venue Cost,هزینه‌ی مکان,تێچووی شوێن,تكلفة المكان,جاگہ ءِ ھرچ,مکان خرجی
about_label,Why This Congress,چرا این کنگره,بۆچی ئەم کۆنگرەیە,لماذا هذا المؤتمر,پرچا اے کانگرس؟,نیه بو کونقره؟
about_heading,"Tired of one-off, fruitless, unaccountable actions?",از کارهای مقطعی و بی‌نتیجه و ناپاسخگو خسته‌ای؟,لە کارە کاتییە و بێ ئەنجام و بێ بەرپرسیارەکان ماندووبوویت؟,هل تعبت من الأعمال المؤقتة، غير المثمرة، وغير الخاضعة للمساءلة؟,چہ یک واری، بے نپ ءُ بے جۏابݔں کاراں سست ءُ بݔزار اِت؟,بیر دفعه‌لیک، نتیجه‌سیز و جاوابده‌لیگی اولمایان ایشلردن یورولموسونوز؟
quote_founding,Disagree with ideas freely. Attack people never. Endanger lives never.,«با ایده‌ها آزادانه مخالفت کن. به اشخاص هرگز حمله نکن. جان هیچ‌کس را هرگز به خطر نینداز.»,«بە ئازادی لەگەڵ بیرۆکەکان ناکۆکبە. کەس هەرگیز لێنەدە. ژیانی کەس هەرگیز مەخە مەترسییەوە.»,«اختلف مع الأفكار بحرية. لا تهاجم الأشخاص أبداً. لا تعرّض حياة أحد للخطر أبداً.»,«گۏں ھیالاں آزاتانہ ناتپاک بئیت. مردماں ھرگز مَجن اِت. ھیچ کس ءِ زند ءَ ھرگز خطرہ ءَ مَگور اِت.»,«فیکیرلرله آزادجاسینا موخالیفت ائت. شخصلره هئچ واخت هجوم ائتمه. هئچ کیمین جانینی هئچ واخت تهلوکه‌یه آتما.»
quote_attribution,— DIFC Founding Principle,— اصل بنیادین کنگره,— بنچینەی دامەزراوەی کۆنگرە,— المبدأ التأسيسي للمؤتمر,— کانگرس ءِ بنگیجی رھبند,— کونقره‌نین تمل پرینسیپی
about_is_heading,What This Congress Is,این کنگره چیست,ئەم کۆنگرەیە چییە,ما هو هذا المؤتمر,اے کانگرس چے اِنت,بو کونقره ندیر؟
about_is_1,"A digital space for structured, productive political engagement",فضای دیجیتال برای مشارکت سیاسی سازمان‌دهی‌شده و مولد,بۆشاییەکی دیجیتاڵ بۆ بەشداری سیاسی ڕێکخراو و بەرهەمدار,فضاء رقمي للمشاركة السياسية المنظمة والمنتجة,یک ڈیجیٹالی جاگھے پمّا رݔکبند ءُ سۏبمَندݔں سیاسی پدگیری ءَ,تشکیلاتلی و نتیجه‌ور سیاسی ایشتیراک اوچون دیجیتال فضا
about_is_2,A permanent weekend rhythm producing concrete outputs,ریتم دائمی آخر هفته‌ای با خروجی‌های مشخص,ڕیتمی بەردەوامی کۆتایی هەفتە بە دەرئەنجامی دیار,إيقاع دائم لنهاية الأسبوع بمخرجات محددة,یک مدامیݔں ھپتگ-آخری ریتمے گۏں پدّرݔں درآمداں,کونکرت نتیجه‌لری اولان داواملی هفته‌سونو ریتمی
about_is_3,Open to all Iranians who oppose the Islamic Republic regime,باز برای همه‌ی ایرانیانی که مخالف رژیم جمهوری اسلامی هستند,کراوە بۆ هەموو ئێرانیانێک کە دژی ڕژێمی کۆماری ئیسلامین,مفتوح لجميع الإيرانيين المعارضين لنظام الجمهورية الإسلامية,پچ اِنت تیوگݔں ایرانیانی واستہ کہ دژمن اَنت گۏں اسلامی جمھوری رژیم ءَ,ایسلام جومهوریتی رئژیمینه موخالیف اولان بوتون ایرانلیلارا آچیقدیر
about_is_4,"Pluralist: all ethnicities, nations, languages, genders, political orientations welcome",کثرت‌گرا: همه‌ی قومیت‌ها، ملت‌ها، زبان‌ها، جنسیت‌ها و گرایش‌های سیاسی خوش‌آمدند,فرەیی: هەموو ئیتنیکەکان، نەتەوەکان، زمانەکان، ڕەگەزەکان و گرایشە سیاسییەکان بەخێرهاتوون,تعددي: جميع الإثنيات والقوميات والأجناس واللغات والتوجهات السياسية مرحب بها,پلوٗرالݔسٹ: دراھݔں کئوم، راج، زبان، جنس ءُ سیاسی رھبنداں وژآتک اِنت,کثرت‌گرا (پلورالیست): بوتون ائتنیکلر، میللتلر، دیللر، جینسلر و سیاسی ایستیقامتلر خوش گلیبلر
about_is_5,A testing ground for democratic tools and practices,آزمایشگاه ابزارها و شیوه‌های دموکراتیک,ئازمایشگای ئامراز و شێوازی دیموکراسی,مختبر لأدوات وممارسات ديمقراطية,دݔموکراسی ءِ آزارمانجاہ ءُ رھبند,دئموکراتیک آلتلر و پراکتیکالارین سیناق لابوراتوریاسی
about_is_6,"Transparent: livestreamed, documented, archived",شفاف: پخش زنده، مستندسازی، آرشیو,ڕوون: پەخشی ڕاستەوخۆ، بەڵگەنامەکردن، ئەرشیڤ,شفاف: بث مباشر، توثيق، أرشفة,شپاک: زندگݔں شنگ، پد ءُ رند، آرشیو,شفاف: جانلی یاییم، سندلشدیرمه، آرشیو
about_isnot_heading,What This Congress Is Not,این کنگره چه نیست,ئەم کۆنگرەیە چی نییە,ما لا يمثله هذا المؤتمر,اے کانگرس چے نہ اِنت,بو کونقره نه دئییل؟
about_isnot_1,Not a governing body or parliament-in-exile,نه یک نهاد حکومتی یا پارلمان در تبعید,نەک لایەنی حکومەت یا پەرلەمانی دەرەوە,ليس هيئة حاكمة أو برلمان في المنفى,نہ یک واکدارݔں ادارھے یا درآمداں نندۏکݔں پارلیمانے,حاکیمیت اورقانی و یا موهاجیرتده‌کی پارلامئنت دئییل
about_isnot_2,Not a leadership election or personality showcase,نه انتخابات رهبری یا نمایش شخصیت‌ها,نەک هەڵبژاردنی سەرکردایەتی یا نمایشی کەسایەتی,ليس انتخاب قيادة أو عرض شخصيات,نہ رھشونی ءِ گچݔنکاری ءُ نہ کہ شخصیاتانی درشان,لیدئرلیک سئچکیسی و یا شخصیت نوماییشی دئییل
about_isnot_3,Not owned by any single organization or political faction,نه متعلق به هیچ سازمان یا جناح سیاسی خاص,نەک هی هیچ ڕێکخراو یا لایەنی سیاسییەکی تایبەت,ليس ملكاً لأي منظمة أو فصيل سياسي واحد,نہ ھیچ گل یا سیاسی ٹکْر ءِ واھندی,هئچ بیر تشکیلات و یا سیاسی جیناها مخصوص دئییل
about_isnot_4,Not a replacement for other initiatives — complementary to all,نه جایگزین سایر ابتکارات — مکمل همه,نەک جێگرەوەی ئابوورییەکانی تر — تەواوکەری هەموو,ليس بديلاً عن مبادرات أخرى — مكمل للجميع,نہ دگہ گامگیجانی بدل — دراھݔں گامگیجانی پورو کنۏک,باشقا تشببوسلرین یئرینی توتمور — هامی‌سینی تاماملاییر
about_isnot_5,Not a space for regime apologists,نه فضایی برای توجیه‌گران رژیم,نەک بۆشاییەک بۆ داپۆشەرانی ڕژێم,ليس فضاءً لمبرري النظام,نہ رژیم ءِ دِلدار ءُ پاساوجارانی جاگہ,رئژیمه حاق قازاندیرانلار اوچون فضا دئییل
about_isnot_6,Not a debate club — outputs and commitments expected,نه باشگاه مناظره — خروجی و تعهد مورد انتظار است,نەک کلوپی مونازەرە — دەرئەنجام و پابەندی چاوەڕوانکراو,ليس نادي نقاش — مخرجات والتزامات متوقعة,نہ گپ ءُ تران ءِ کلۏب — درآر ءُ پابندی لوٹگ بنت,موباحیثه کلوبو دئییل — نتیجه‌لر و عؤهده‌لیکلر گؤزله‌نیلیر
wg_label,9 Parallel Tracks,۹ مسیر موازی,٩ هێڵی هاوتەریب,٩ مسارات متوازية,۹ ھمگرنچݔں رھسر,۹ پارالئل خطلر
wg_heading,Working Groups,کارگروه‌ها,گرووپە کارەکان,مجموعات العمل,کار ءِ گرۏپاں,ایشچی قروپلاری
wg_intro,"Each group runs in its own Slack channel with elected facilitators, producing weekly outputs.",هر کارگروه در کانال اسلک خود با تسهیل‌گران منتخب فعالیت می‌کند و هفتگی خروجی تولید می‌کند.,هەر گرووپ لە کەناڵی سلاکی خۆی کاردەکات بە ئاسانکارانی هەڵبژێردراو و دەرئەنجامی هەفتانە بەرهەمدەهێنێت.,كل مجموعة تعمل في قناة سلاك خاصة بها مع ميسّرين منتخبين، وتنتج مخرجات أسبوعية.,ھر گرۏپ وتی سلاک (Slack) چینل ءِ تہا گۏں گچݔن بوتگݔں آساں‌کاراں کار کنت ءُ ھپتگانہ درآر جۏڑ کنت.,هر قروپ اؤز Slack کانالیندا سئچیلمیش فاسیلیتاتورلارلا (آسانلاشدیریجیلار) ایشله‌ییر و هفته‌لیک نتیجه یارادیر.
wg1_name,Diplomatic Representation,نمایندگی دیپلماتیک,نوێنەرایەتی دیپلۆماسی,التمثيل الدبلوماسي,ڈݔپلۏماسی ءِ نماندگی,دیپلوماتیک نوماینده‌لیک
wg1_desc,"Form credible, plural representative groups for Iran's diplomatic issues on the world stage.",تشکیل گروه‌های نمایندگی معتبر و متکثر برای مسائل دیپلماتیک ایران در صحنه جهانی.,پێکهێنانی گرووپی نوێنەرایەتی باوەڕپێکراو و فرە بۆ بابەتە دیپلۆماسییەکانی ئێران لە سەر ئاستی جیهان.,تشكيل مجموعات تمثيلية موثوقة ومتعددة لقضايا إيران الدبلوماسية على المسرح العالمي.,معتبر ءُ کثیر اݔں نماندگی ءِ گرۏپانی جۏڑ کنگ پمّا ایران ءِ ڈݔپلۏماسی ءِ گپاں جھانی پڑ ءَ.,ایرانین دیپلوماتیک مسأله‌لری اوچون دونیا صحنه‌سینده اعتیبارلی و چوخ‌سسلی نوماینده قروپلاری یارادین.
wg2_name,Public Participation Tools,ابزارهای مشارکت مردمی,ئامرازەکانی بەشداری گشتی,أدوات المشاركة العامة,راجی پدگیری ءِ ھاژہ (ابزاراں),ایجتیماعی ایشتیراک آلتلری
wg2_desc,"Test and deploy tools for broad civic participation — Taraaz consensus mapping, referendums, mobilization.",آزمایش و استقرار ابزارهای مشارکت گسترده‌ی مدنی — نقشه‌برداری اجماع ترازش، رفراندوم‌ها، بسیج.,تاقیکردنەوە و بەکارخستنی ئامرازەکان بۆ بەشداری مەدەنی فراوان — نەخشەکێشانی هاوڕایی ترازش، ڕیفراندۆم، خەباتبوون.,اختبار ونشر أدوات المشاركة المدنية الواسعة — خرائط توافق ترازش، استفتاءات، تعبئة.,شھری پدگیری ءِ پراہ ءُ شاھگانݔں ھاژھانی ٹݔسٹ ءُ جاری کنگ — ترازش ءِ ھم‌رݔدݔں نقشہ‌کشی، رݔفرنڈم، یکجائی.,گئنیش وطنداش ایشتیراکی آلتلرینی سیناماق و تطبیق ائتمک — ترازش کونسئنسوس خریطه‌سی، رئفئرئندوملار، سفربرلیک.
wg3_name,Financial Participation & DeFi,مشارکت مالی,بەشداری دارایی و DeFi,المشاركة المالية و DeFi,مالی پدگیری ءُ دیپھائی (DeFi),مالی ایشتیراک و DeFi
wg4_name,Secure Network Building,شبکه‌سازی امن,دروستکردنی تۆڕی پارێزراو,بناء شبكات آمنة,سلامتݔں نݔٹورک‌سازی,تهلوکه‌سیز شبکه‌لشمه
wg5_name,Innovation & Ideas,ایده‌پردازی,داهێنان و بیرۆکە,الابتكار والأفكار,نۏک‌آوری ءُ ھیال,اینوواسییا و ایده یاراتما
wg6_name,Political Participation Space,فضای مشارکت سیاسی,بۆشایی بەشداری سیاسی,فضاء المشاركة السياسية,سیاسی پدگیری ءِ جاگہ,سیاسی ایشتیراک فضاسی
wg7_name,Mediation & Conflict Resolution,حل اختلاف,ناوبژیوانی و چارەسەری ناکۆکی,الوساطة وحل النزاعات,نݔمگی‌گری ءُ جݔڑہ‌ھانی گݔش‌وگوار,واسیطه‌چیلیک و موناخیشه‌لرین حللی
wg8_name,Digital Programs,دولت دیجیتال / دفاع مدنی / آموزش,بەرنامە دیجیتاڵییەکان,الحكومة الرقمية / الدفاع المدني / التعليم,ڈیجیٹالی پروگراماں,دیجیتال دؤولت / مۆلکی مودافیعه / تحصیل
wg9_name,Ecology,اکولوژی,ئیکۆلۆژی,الإيكولوجيا,ایکولۏجی (چاگرد),ائکولوژیا (ژینگه)
wg9_desc,From water crises and climate change to pollution and biodiversity — a space for synergizing ideas and practical solutions.,از بحران آب و تغییرات اقلیمی تا آلودگی و تنوع زیستی، اینجا بستری برای هم‌افزایی ایده‌ها و راهکارهای عملی است.,لە قەیرانی ئاو و گۆڕانی کەش‌وهەواوە بگرە تا پرسی پیسبوونی ژینگە و تێکچوونی هاوسەنگیی سروشت — سەکۆیەک بۆ یەکخستنی دیدگاکان و دۆزینەوەی چارەسەری بنەڕەتی.,من أزمة المياه وتغيّر المناخ إلى التلوث والتنوع البيولوجي — فضاء لتضافر الأفكار والحلول العملية.,چہ آپ ءِ نادراھی ءُ آب‌ءُ‌ھوا ءِ مٹ ءُ بدلی بگر تاں آلودگی ءُ زندمانی گۏناگۏنی — ھیالاں ءُ کرداری راھشونانی ھم‌گرنچی ءِ یک بسترے.,سو بؤحرانلاری و ایقلیم دییشیکلیگیندن توتموش چیرکلنمه و بیولوژی موختلیفلییه قدر — فیکیرلرین و پراتیک حللرین سینئرژی فضاسی.
rhythm_label,"Every Weekend, Without End",هر آخر هفته، بدون پایان,هەموو کۆتایی هەفتەیەک، بەبێ کۆتایی,كل نهاية أسبوع، بلا نهاية,ھر ھپتگ ءِ آخرا، بے سرھد,هر هفته‌سونو، سونسوز
rhythm_heading,The Weekly Rhythm,ریتم هفتگی,ڕیتمی هەفتانە,الإيقاع الأسبوعي,ھپتگ ءِ ریتم,هفته‌لیک ریتم
rhythm_intro,"Not a one-off congress. A permanent cadence of deliberation, decision, and action.",نه یک کنگره‌ی یکباره. یک آهنگ دائمی از گفتگو، تصمیم‌گیری و اقدام.,نەک کۆنگرەیەکی تاک. ڕیتمێکی هەمیشەیی لە گفتوگۆ، بڕیاردان و کردەوە.,ليس مؤتمراً لمرة واحدة. إيقاع دائم من التشاور والقرار والعمل.,نہ یک واریݔں کانگرسے۔ گپ ءُ تران، پݔسلہ ءُ کار ءِ یک مدامیݔں ریتمے۔,بیر دفعه‌لیک کونقره دئییل. مصلحتلشمه، قرار و عملین دایمی ریتمی.
day_saturday,Saturday,شنبه,شەممە,السبت,شمبے,شنبه
day_sunday,Sunday,یکشنبه,یەکشەممە,الأحد,یکشمبے,بازار گونو (یئکشنبه)
day_weekdays,Weekdays,روزهای هفته,ڕۆژانی هەفتە,أيام الأسبوع,ھپتگ ءِ رۏچاں,هفته ایچی گونلر
governance_label,Accountability by Design,پاسخگویی از طریق طراحی,بەرپرسیارێتی لە ڕێگەی دیزاینەوە,المُساءلة بالتصميم,ڈݔزائن ءِ رھسرا جۏاب‌دھی,دیزاین اساسیندا جاوابده‌لیک
governance_heading,Governance Structure,ساختار حکمرانی,ڕێکخستنی بەڕێوەبردن,هيكل الحوكمة,واکداری ءِ دْروشُم,ایداره‌ائتمه ایستروکتورو
governance_intro,Every body is checked by the body above it. Everyone is ultimately accountable to the General Assembly.,هر نهاد توسط نهاد بالاتر بررسی می‌شود. همه در نهایت پاسخگوی مجمع عمومی هستند.,هەر دامەزراوەیەک لەلایەن دامەزراوەی سەرەوەوە چاودێری دەکرێت. هەمووان لە کۆتاییدا بەرپرسن لە بەرامبەر کۆبوونەوەی گشتی.,كل هيئة تخضع لرقابة الهيئة التي فوقها. الجميع مسؤول في النهاية أمام الجمعية العامة.,ھر ادارگ چہ وتی برزی ادارگ ءَ چار ءُ ٹپاس بیت. دراھݔں مردم گڈسرا چمّانکی مجلس ءِ دݔما جۏاب‌دہ اَنت.,هر بیر قوروم اؤزوندن اوستده‌کی قوروم طرفیندن نظارت اولونور. هامی یئکوندا باش مجلیسه جاوابده‌دیر.
gov_ga,General Assembly,مجمع عمومی,کۆبوونەوەی گشتی,الجمعية العامة,چمّانکی مجلس / عامݔں دیوان,باش مجلس (عمومی مجلس)
gov_cc,Coordination Council,شورای هماهنگی,ئەنجوومەنی هاوئاهەنگی,مجلس التنسيق,ھمگرنچی ءِ شۏرا,کووردیناسیا شوراسی
gov_wg,Working Groups,کارگروه‌ها,گرووپە کارەکان,مجموعات العمل,کار ءِ گرۏپاں,ایشچی قروپلاری
gov_watchdog,Accountability Watchdog,ناظر پاسخگویی,چاودێری بەرپرسیارێتی,هيئة الرقابة والمُساءلة,جۏاب‌دھی ءِ چارگݔر (ناظر),جاوابده‌لیک ناظیری
gov_tag_sovereign,Sovereign Body,نهاد حاکمیتی,دامەزراوەی هاکم,الهيئة السيادية,واکدارݔں ادارگ,سوورن قوروم
redlines_label,Boundaries,خطوط قرمز,سنوور,حدود,سیمسراں / سرھداں,سرحدلر
redlines_heading,Red Lines,خطوط قرمز,هێڵی سوور,خطوط حمراء,سُھرݔں لکݔر,قیرمیزی خطلر
redlines_intro,The congress is radically open to ideas — but has absolute boundaries on behavior.,این کنگره نسبت به ایده‌ها کاملاً باز است — اما در رفتار مرزهای مطلق دارد.,کۆنگرەکە بە شێوەیەکی ڕادیکاڵ کراوەیە بۆ بیرۆکەکان — بەڵام سنووری ڕەهای هەیە لە ڕەفتاردا.,المؤتمر منفتح جذرياً على الأفكار — لكن له حدود مطلقة على السلوك.,اے کانگرس ھیالانی دݔما سَرجم ءَ پچ اِنت — بلے رپتار ءِ سر ءَ سکّݔں سیمسر پر اِنت.,کونقره فیکیرلره رادیکال شکیلده آچیقدیر — آمما داورانیشدا قطعی سرحدلر وار.
redline_1,Support for the Islamic Republic regime,حمایت از رژیم جمهوری اسلامی,پشتیوانی لە ڕژێمی کۆماری ئیسلامی,دعم نظام الجمهورية الإسلامية,اسلامی جمھوری رژیم ءِ پُشتیوانی,ایسلام جومهوریتی رئژیمینی دستکلمک
redline_2,Advocacy for theocratic governance,تبلیغ حکومت دینی,پاراستنی حکومەتی مەزهەبی,الدعوة لحكومة ثيوقراطية,دینی سرکار ءِ جار ءُ تبلیغ,تئئوکراتیک (دینی) ایداره‌ائتمه‌نین تبلیغی
redline_3,Doxxing or exposing identities of activists,افشای هویت فعالان,ئاشکراکردنی ناسنامەی چالاکوانان,كشف أو نشر هويات الناشطين,چالاکوانانی پجّار ءُ پدّر کنگ (Doxxing),آکتیویستلرین کیملیکلرینی ایفشا ائتمک (داکسینق)
redline_4,"Hate speech targeting ethnic, religious, or gender groups",نفرت‌پراکنی علیه گروه‌های قومی و ملی، مذهبی یا جنسیتی,وتەی ڕقی دژی گرووپی نەتەوەیی، ئایینی یا ڕەگەزی,خطاب كراهية ضد مجموعات عرقية أو دينية أو جنسية,کئومی، دینی یا جنسی گرۏپانی ھلاپ ءَ کینگی گپ ءُ تران,ائتنیک، دینی و یا جینسیت قروپلارینی هدف آلان نیفرت نیتقی
redline_5,"Harassment, threats, intimidation",آزار، تهدید، ارعاب,ئازار، هەڕەشە، ترساندن,مضايقة، تهديد، ترهيب,آزار دیگ، تُرسݔنگ، زوراکی,ایزدیهام، تهدید، قورخوتما
welcome_heading,Explicitly Welcome,صراحتاً مجاز,بە ئاشکرا بەخێرهاتوو,مرحب به صراحة,پدّر ءُ پاشک وژآتک اِنت,آچیق شکیلده ایجازه وئریلیر
join_label,Get Involved,مشارکت کنید,بەشداربوون,شارك,ھوار بئیت / پدگیری بکن اِت,ایشتیراک ائدین
join_heading,Join the Congress,به کنگره بپیوندید,بەشداربە لە کۆنگرەدا,انضم إلى المؤتمر,کانگرس ءَ گۏں بئیت,کونقره‌یه قوشولون
join_intro,"No application form. No gatekeepers. Join the Slack workspace, accept the code of conduct, and start contributing this weekend.",بدون فرم درخواست. بدون نگهبان. به اسلک بپیوندید، آیین‌نامه رفتاری را بپذیرید و همین آخر هفته شروع به مشارکت کنید.,هیچ فۆرمی داواکاری نییە. هیچ دەروازەبانێک نییە. بچۆ بۆ سلاک، کۆدی ڕەفتار بپەسێنە و لەم کۆتایی هەفتەیەوە دەست بکە بە بەشداری.,لا استمارة تقديم. لا حراس بوابة. انضم إلى سلاك، اقبل مدونة السلوك، وابدأ المساهمة نهاية هذا الأسبوع.,ھیچ درکواست ءِ پۏرمے نیست. ھیچ دربانݔں نیست. سلاک ءَ گۏں بئیت، رپتاری رھبنداں منّ اِت ءُ ھمے ھپتگ ءِ آخرا پدگیری ءَ بندات بکن اِت.,هئچ بیر موراجیعت فورمو یوخ. مانعه یوخ. Slack ایش فضاسینا قوشولون، داورانیش قایدالارینی قبول ائدین و بو هفته‌سونو ایشتیراکا باشلایین.
tier_observer,Observer,ناظر,چاودێر,مراقب,چارگݔر,موشاهیده‌چی
tier_participant,Participant,شرکت‌کننده,بەشداربوو,مشارك,پدگیرۏک / بھردار,ایشتیراکچی
tier_verified,Verified Participant,شرکت‌کننده‌ی تأییدشده,بەشداربووی پشتڕاستکراو,مشارك مُتحقق منه,پکاݔں بھردار,تصدیقلنمیش ایشتیراکچی
partners_label,Coalition,ائتلاف,هاوپەیمانی,تحالف,اِتّھاد,کوالیسیا
partners_heading,Partners & Ecosystem,همکاران و اکوسیستم,هاوبەشان و ئیکۆسیستم,الشركاء والنظام البيئي,ھمکار ءُ ایکۏسسٹم,طرفداشلار و ائکوسیستئم
tech_heading,Technology Stack,زیرساخت فناوری,ستاکی تەکنەلۆژی,المكدس التقني,ٹݔکنالۏجی ءِ بنگیج,تکنولوژی آلت‌یاپیسی
roadmap_label,The Path Forward,مسیر پیش رو,ڕێگای پێشەوە,الطريق إلى الأمام,دݔمتر ءِ رھسر,ایره‌لی‌یه دوغرو یول
roadmap_heading,Roadmap,نقشه‌ی راه,نەخشەڕێ,خارطة الطريق,رھسر ءِ نقشہ,یول خریطه‌سی
phase_0,Phase 0: Foundation (Now),فاز ۰: بنیاد (اکنون),قۆناغی ٠: بنەما (ئێستا),المرحلة ٠: التأسيس (الآن),پاز ۰: بنگیج (نݔں),فاز ۰: بونؤوره (ایندی)
phase_1,Phase 1: Launch Sprint (48 Hours),فاز ۱: اسپرینت آغازین (۴۸ ساعت),قۆناغی ١: سپرینتی دەستپێک (٤٨ کاتژمێر),المرحلة ١: سبرنت الإطلاق (٤٨ ساعة),پاز ۱: بنگیجی اسپرینت (۴۸ کلاک),فاز ۱: باشلانغیج ایسپرینتی (۴۸ ساعات)
phase_2,Phase 2: Scale (Months 1–6),فاز ۲: مقیاس‌بندی (ماه‌های ۱–۶),قۆناغی ٢: گەورەبوون (مانگی ١–٦),المرحلة ٢: التوسع (الأشهر ١–٦),پاز ۲: پِراخ بئیگ (ماھانی ۱–۶),فاز ۲: گئنیشلنمه (آیلار ۱–۶)
phase_3,Phase 3: Institutionalize (Year 2+),فاز ۳: نهادسازی (سال ۲+),قۆناغی ٣: دامەزراندن (ساڵی ٢+),المرحلة ٣: المأسسة (السنة ٢+),پاز ۳: ادارگ‌سازی (سال ۲+),فاز ۳: موسسه‌لشمه (ایل ۲+)
footer_congress,Congress,کنگره,کۆنگرە,المؤتمر,کانگرس,کونقره
footer_participate,Participate,مشارکت,بەشداری,شارك,پدگیری,ایشتیراک
footer_ecosystem,Ecosystem,اکوسیستم,ئیکۆسیستم,النظام البيئي,ایکۏسسٹم,ائکوسیستئم
footer_languages,Languages,زبان‌ها,زمانەکان,اللغات,زباناں,دیللر
copyright,© 2026 Digital Iran Freedom Congress. Open source. Censorship resistant.,© ۲۰۲۶ کنگره‌ی دیجیتال آزادی ایران. منبع‌باز. مقاوم در برابر سانسور.,© ٢٠٢٦ کۆنگرەی دیجیتاڵیی ئازادیی ئێران. سەرچاوە کراوە. بەرگری لە سانسوور.,© ٢٠٢٦ المؤتمر الرقمي لحرية إيران. مفتوح المصدر. مقاوم للرقابة.,© ۲۰۲۶ ایران ءِ آزاتی ءِ ڈیجیٹالی کانگرس. پچݔں سرچمگ (Open source). سانسور ءِ ھلاپ ءَ مھکم.,© ۲۰۲۶ ایرانین دیجیتال آزادلیق کونقره‌سی. آچیق قایناق. سانسورا مقاویمتلی.
x_skip_to_content,Skip to content,رفتن به محتوا,بچۆ بۆ ناوەڕۆک,انتقل إلى المحتوى,محتوا ءَ بروئیت,مضمونا کئچ
x_share_your_expectations,Share Your Expectations,انتظارات خود را بنویسید,چاوەڕوانیەکانت بنووسە,شارك توقعاتك,وتی چاریگاں بہ‌نویس اِت,گؤزلنتیلرینیزی پایلاشین
x_wg1,WG1 ·,کارگروه ۱ ·,گرووپی کار ١ ·,مجموعة ١ ·,کار ءِ گرۏپ ۱ ·,ایشچی قروپ ۱ ·
x_wg2,WG2 ·,کارگروه ۲ ·,گرووپی کار ٢ ·,مجموعة ٢ ·,کار ءِ گرۏپ ۲ ·,ایشچی قروپ ۲ ·
x_secure_decentralized_financial_mechanisms_sanction,"Secure, decentralized financial mechanisms — sanctions-compliant, transparent, participatory budgeting.",مکانیزم‌های مالی امن و غیرمتمرکز — سازگار با تحریم‌ها، شفاف، بودجه‌ریزی مشارکتی.,مێکانیزمی دارایی پارێزراو و نامەرکەزی — هاوئاهەنگ لەگەڵ چەسپاندنەکان، ڕوون، بودجەبەندی بەشدارانە.,آليات مالية آمنة ولامركزية — متوافقة مع العقوبات، شفافة، موازنة تشاركية.,سلامت ءُ ناتمرکزݔں مالی مکانیزم — تحریمانی ھمگرنچ، شپاک، پدگیری ءِ بوُجہ‌بندی.,تهلوکه‌سیز، دئسئنترالیزه مالیه مکانیزملری — سانکسییالارا اویغون، شفاف، ایشتیراکچی بودجه‌لشدیرمه.
x_wg3,WG3 ·,کارگروه ۳ ·,گرووپی کار ٣ ·,مجموعة ٣ ·,کار ءِ گرۏپ ۳ ·,ایشچی قروپ ۳ ·
x_connect_activists_safely_expand_the_opposition_net,"Connect activists safely, expand the opposition network, operational security training and resources.",اتصال امن کنش‌گران، توسعه‌ی شبکه‌ی اپوزیسیون، آموزش و منابع امنیت عملیاتی.,بەستنەوەی پارێزراوی چالاکوانان، فراوانکردنی تۆڕی ئۆپۆزسیۆن، ڕاهێنان و سەرچاوەی ئەمنیەتی کارکردن.,ربط الناشطين بأمان، توسيع شبكة المعارضة، التدريب والموارد الأمنية التشغيلية.,چالاکوانانی سلامتݔں ھمگرنچی، اپۏزیسیۏن ءِ نݔٹورک ءِ پراہ کنگ، کرداری سلامتی ءِ تالیم ءُ سرچمگاں.,آکتیویستلری تهلوکه‌سیز بیرلشدیرمک، موخالیفت شبکه‌سینی گئنیشلندیرمک، عملیاتی تهلوکه‌سیزلیک تعلیمی و قایناقلاری.
x_wg4,WG4 ·,کارگروه ۴ ·,گرووپی کار ٤ ·,مجموعة ٤ ·,کار ءِ گرۏپ ۴ ·,ایشچی قروپ ۴ ·
x_open_pipeline_for_attracting_evaluating_and_deploy,"Open pipeline for attracting, evaluating, and deploying new ideas from anyone, anywhere.",خط لوله‌ی باز برای جذب، ارزیابی و به‌کارگیری ایده‌های نوین از هر کسی، هر کجا.,هێڵی کراوە بۆ ڕاکێشان، هەڵسەنگاندن و بەکارهێنانی بیرۆکەی نوێ لە هەرکەسێک، لە هەرکوێیەک.,خط مفتوح لاستقطاب وتقييم ونشر الأفكار الجديدة من أي شخص، في أي مكان.,ھر کس ءُ ھر جاگہ ءَ چہ نۏکݔں ھیالانی کشگ، ٹپاسگ ءُ کارمرز کنگ ءِ پچݔں رھسر.,هر کسدن، هر یئردن یئنی فیکیرلری جلب ائتمک، ده‌یرلندیرمک و تطبیق ائتمک اوچون آچیق خط.
x_wg5,WG5 ·,کارگروه ۵ ·,گرووپی کار ٥ ·,مجموعة ٥ ·,کار ءِ گرۏپ ۵ ·,ایشچی قروپ ۵ ·
x_design_the_continuous_engagement_platform_governan,"Design the continuous engagement platform — governance structure, participation cycles, accountability.",طراحی پلتفرم مشارکت پیوسته — ساختار حکمرانی، چرخه‌های مشارکت، پاسخگویی.,دیزاینی پلاتفۆرمی بەشداری بەردەوام — ڕێکخستنی بەڕێوەبردن، خولی بەشداری، بەرپرسیارێتی.,تصميم منصة المشاركة المستمرة — هيكل الحوكمة، دورات المشاركة، المُساءلة.,مدامیݔں پدگیری ءِ پلتپۏرم ءِ ڈݔزائن — سررشتگی ءِ دْروشُم، پدگیری ءِ خۏل، جۏاب‌دھی.,داواملی ایشتیراک پلاتفورمونون دیزاینی — ایداره‌ائتمه ایستروکتورو، ایشتیراک دؤورلری، جاوابده‌لیک.
x_wg6,WG6 ·,کارگروه ۶ ·,گرووپی کار ٦ ·,مجموعة ٦ ·,کار ءِ گرۏپ ۶ ·,ایشچی قروپ ۶ ·
x_professional_mediation_for_iran_s_damaged_politica,"Professional mediation for Iran's damaged political space — protocols, trained mediators, trust repair.",میانجی‌گری حرفه‌ای برای فضای سیاسی آسیب‌دیده‌ی ایران — پروتکل‌ها، میانجی‌گران آموزش‌دیده، بازسازی اعتماد.,نێوبژیوانی پیشەیی بۆ بۆشایی سیاسی زیانلێکراوی ئێران — پڕۆتۆکۆڵەکان، نێوبژیوانی ڕاهێنراو، نۆژەنکردنەوەی متمانە.,وساطة مهنية لفضاء إيران السياسي المتضرر — بروتوكولات، وسطاء مدربون، إعادة بناء الثقة.,ایران ءِ زیان‌رسیتگݔں سیاسی جاگہ ءِ واستہ پݔشہ‌کارݔں نݔمگی‌گری — پرۏتۏکۏل، تالیم‌دیتگݔں نݔمگی‌گر، متمان ءِ پدا جۏڑ کنگ.,ایرانین زده‌لنمیش سیاسی فضاسی اوچون پئشه‌کار واسطه‌چیلیک — پروتوکوللار، تعلیم گؤرموش واسطه‌چیلر، اعتیماین برپاسی.
x_wg7,WG7 ·,کارگروه ۷ ·,گرووپی کار ٧ ·,مجموعة ٧ ·,کار ءِ گرۏپ ۷ ·,ایشچی قروپ ۷ ·
x_digital_government_civil_defense_and_civic_educati,"Digital government, civil defense, and civic education — concrete programs with volunteer teams.",دولت دیجیتال، دفاع مدنی و آموزش شهروندی — برنامه‌های مشخص با تیم‌های داوطلب.,حکوومەتی دیجیتاڵ، بەرگری شارستانی و خوێندنی هاوڵاتی — بەرنامەی دیار بە تیمی خۆبەخش.,حكومة رقمية، دفاع مدني، وتعليم مدني — برامج محددة بفرق متطوعة.,ڈیجیٹالی سرکار، شھری دپاہ، ءُ راجی تالیم — پکاݔں پروگرام گۏں رزا کارݔں ٹݔماں.,دیجیتال حؤکومت، مولکی مودافیعه و وطنداش تعلیمی — کؤنوللو کوماندا ایله کونکرئت پروقراملار.
x_wg8,WG8 ·,کارگروه ۸ ·,گرووپی کار ٨ ·,مجموعة ٨ ·,کار ءِ گرۏپ ۸ ·,ایشچی قروپ ۸ ·
x_wg9,WG9 ·,کارگروه ۹ ·,گرووپی کار ٩ ·,مجموعة ٩ ·,کار ءِ گرۏپ ۹ ·,ایشچی قروپ ۹ ·
x_20_30_22_30_irst,20:30–22:30 IRST,به وقت ایران,بە کاتی ئێران,بتوقيت إيران,به وقت ایران,به وقت ایران
x_20_30_22_30_irst_2,20:30–22:30 IRST,به وقت ایران,بە کاتی ئێران,بتوقيت إيران,به وقت ایران,به وقت ایران
x_async_on_slack_action_items_executed_documentation,Async on Slack · Action items executed · Documentation updated · Preparation for next weekend,فعالیت غیرهمزمان در اسلک · اجرای تکالیف · به‌روزرسانی مستندات · آماده‌سازی برای آخر هفته‌ی بعد,کاری ناهاوکات لە سلاک · جێبەجێکردنی ئەرکەکان · نوێکردنەوەی بەڵگەنامەکان · ئامادەبوون بۆ کۆتایی هەفتەی داهاتوو,عمل غير متزامن على سلاك · تنفيذ المهام · تحديث الوثائق · التحضير لنهاية الأسبوع القادم,سلاک ءِ سر ءَ ناھمزامن · کاراں کنگ بوت اَنت · دستاوݔز نۏک کنگ بوت اَنت · آتکݔں ھپتگ ءِ آخرا تیاری,Slack-ده آسینخرون ایش · تاپشیریقلارین ایجراسی · سندلرین یئنیلنمه‌سی · گلن هفته‌سونونا هازیرلیق
x_difc_call_to_action,— DIFC Call to Action,— فراخوان مشارکت در کنگره,— بانگەوازی بەشداریکردن لە کۆنگرە,— دعوة المؤتمر للعمل,— ڈی آئی ایپ سی (DIFC) کار ءِ لوٹ,— DIFC فاعلیته چاغیریش
x_all_verified_members_zkp_based_convenes_quarterly,All verified members (ZKP-based). Convenes quarterly at 18:00 CET (20:30 IRST) to include diaspora and Iran. Elects and recalls the Coordination Council. Approves budgets. Amends the charter (⅔ supermajority). Must participate in 2 of 4 quarterly sessions to retain status.,تمام اعضای تایید شده (مبتنی بر ZKP). گردهمایی فصلی ساعت ۱۸:۰۰ CET برای شمول دیاسپورا و ایران. شورای هماهنگی را انتخاب و عزل می‌کند. بودجه را تصویب می‌کند. اساسنامه را اصلاح می‌کند (اکثریت ⅔). باید در ۲ از ۴ جلسه فصلی برای حفظ وضعیت شرکت کند.,هەموو ئەندامە پشتڕاستکراوەکان (لەسەر بنەمای ZKP). کۆبوونەوەی وەرزی لە ١٨:٠٠ CET بۆ ئەوەی دیاسپۆرا و ئێران بگرێتەوە. ئەنجوومەنی هاوئاهەنگی هەڵدەبژێرێت و دەردەکات. بودجە پەسەند دەکات. بنەماکان هەموار دەکاتەوە (زۆرینەی ⅔). دەبێت لە ٢ لە ٤ دانیشتنی وەرزی بەشداری بکات بۆ پاراستنی پێگە.,جميع الأعضاء المُتحقق منهم (بناءً على ZKP). ينعقد فصلياً الساعة ١٨:٠٠ بتوقيت وسط أوروبا ليشمل الشتات وإيران. ينتخب ويعزل مجلس التنسيق. يوافق على الميزانيات. يعدل الميثاق (أغلبية ⅔). يجب المشاركة في ٢ من ٤ جلسات فصلية للحفاظ على الحالة.,دراھݔں پکاݔں بھردار (ZKP ءِ سر ءَ). ھر چار ماہ ءَ ۱۸:۰۰ CET (۲۰:۳۰ IRST) دیوان کن اَنت تاں دیاسپۏرا ءُ ایران ھوار بہ بنت. ھمگرنچی ءِ شۏرا ءَ گچݔن کن اَنت ءُ پدا لۏٹ اَنت. بوُجہ‌ھاں منّ اَنت. رھبنداں مٹ کن اَنت (⅔ گݔشترݔں رأی). وتی جاگہ ءِ رکݔنگ ءِ واستہ ۴ چارماھی دیواناں چہ ۲ دیوان ءَ ھوار بئیگ زروٗری اِنت.,بوتون تصدیقلنمیش ایشتیراکچیلار (ZKP اساسلی). دیاسپورا و ایرانی احاطه ائتمک اوچون هر اوچ آیدا بیر ۱۸:۰۰ CET (۲۰:۳۰ IRST) توپلانیرلار. کووردیناسیا شوراسینی سئچیر و گری چاغیریر. بودجه‌لری تصدیقله‌ییر. نظامنامه‌نی دییشیر (⅔ سس چوخلوغو). ایستیفاده‌چی دۇرومونو ساخلاماق اوچون ۴ روصلو ایجلاسدان ۲-سینه قاتیلماق واجیبدیر.
x_15_21_elected_members_6_month_staggered_terms_max,"15–21 elected members. 6-month staggered terms, max 2 consecutive. Elected via Ranked Pairs. Monthly public reports. Diversity requirements enforced. GA can recall any member.",۱۵–۲۱ عضو منتخب. دوره‌های ۶ ماهه‌ی متناوب، حداکثر ۲ دوره‌ی متوالی. انتخاب با رای‌گیری رتبه‌ای. گزارش عمومی ماهانه. الزامات تنوع. مجمع عمومی می‌تواند هر عضوی را عزل کند.,١٥–٢١ ئەندامی هەڵبژێردراو. ماوەی ٦ مانگی نۆرەیی، زۆرینە ٢ ماوەی یەکلاپشتەوە. هەڵبژاردن بە دەنگدانی ڕیزبەندیکراو. ڕاپۆرتی گشتی مانگانە. پێویستییەکانی فرەیی جێبەجێکراو. کۆبوونەوەی گشتی دەتوانێت هەر ئەندامێک دەربکات.,١٥–٢١ عضواً منتخباً. فترات متناوبة من ٦ أشهر، حد أقصى فترتان متتاليتان. انتخاب بالتصويت المُرتّب. تقارير عامة شهرية. متطلبات تنوع مُطبّقة. الجمعية يمكنها عزل أي عضو.,۱۵–۲۱ گچݔن بوتگݔں بھردار. ۶-ماھی نۏبتی دْروشُم، گݔشترݔں ۲ بر ءَ آتکگݔں. درجہ‌بندی بوتگݔں جوڑیانی (Ranked Pairs) رھسرا گچݔن بنت. ماھانہ عامݔں راپۏرٹاں. چشݔدلیک ءِ زروٗریاتاں مھکم. عامݔں دیوان ھر بھردارے ءَ پدا لۏٹت کنت.,۱۵–۲۱ سئچیلمیش اوزو. ۶ آیلیق نؤبه‌لی دؤوره‌لر، ماکسیموم ۲ آردیجیل. سیرالامالی جوتلر واسطه‌سیله سئچیلیر. آیلیق ایجتیماعی راپورتلار. موختلیف‌لیک طلب‌لری تطبیق اولونور. باش مجلس (GA) هر بیر اوزونو گری چاغیرا بیلر.
x_self_organizing_open_membership_facilitators_elect,"Self-organizing, open membership. Facilitators elected for 3-month terms by WG members. Weekly output reports. Any member can escalate to CC.",خودسازمان‌ده، عضویت آزاد. تسهیل‌گران با دوره‌های ۳ ماهه توسط اعضای کارگروه انتخاب می‌شوند. گزارش خروجی هفتگی. هر عضوی می‌تواند مسائل را به شورا ارجاع دهد.,خۆڕێکخەر، ئەندامایەتی کراوە. ئاسانکاران بە ماوەی ٣ مانگ لەلایەن ئەندامانی گرووپی کارەوە هەڵدەبژێردرێن. ڕاپۆرتی دەرئەنجامی هەفتانە. هەر ئەندامێک دەتوانێت بابەتەکان بۆ ئەنجوومەن بگوازێتەوە.,ذاتية التنظيم، عضوية مفتوحة. ميسّرون منتخبون لفترات من ٣ أشهر. تقارير مخرجات أسبوعية. أي عضو يمكنه تصعيد القضايا للمجلس.,وت‌سازمانی، پچݔں بھرداری. آساں‌کار ۳-ماھی وھد ءِ واستہ کار-گرۏپانی بھردارانی نݔمگ ءَ گچݔن بنت. ھپتگانہ درآرانی راپۏرٹاں. ھر بھردارے شۏرا ءِ دݔما گپاں برت کنت.,اؤز-تشکیلاتلانما، آچیق اوزولوک. فاسیلیتاتورلار ایشچی قروپ اوزولری طرفیندن ۳ آیلیق دؤوره اوچون سئچیلیر. هفته‌لیک نتیجه راپورتلاری. هر اوزو مسأله‌نی کووردیناسیا شوراسینا (CC) قالدیرا بیلر.
x_elected_rotating_accountable,Elected · Rotating · Accountable,منتخب · چرخشی · پاسخگو,هەڵبژێردراو · خولانەوە · بەرپرس,منتخب · دوري · مُساءَل,گچݔن بوتگݔں · خولانگ · جۏاب‌دہ,سئچیلمیش · دؤوری · جاوابده
x_3_elected_auditors_independent_of_cc_and_wgs_can_i,"3 elected auditors, independent of CC and WGs. Can investigate anything. Publish findings directly to GA. Trigger recall votes. No executive power — only sunlight.",۳ بازرس منتخب، مستقل از شورا و کارگروه‌ها. می‌تواند هر چیزی را بررسی کند. یافته‌ها را مستقیماً به مجمع عمومی گزارش می‌دهد. رای عزل را فعال می‌کند. هیچ قدرت اجرایی ندارد — فقط شفافیت.,٣ پشکنەری هەڵبژێردراو، سەربەخۆ لە ئەنجوومەن و گرووپە کارەکان. دەتوانێت هەموو شتێک لێکۆڵینەوە بکات. دۆزینەوەکان ڕاستەوخۆ بۆ کۆبوونەوەی گشتی ڕاپۆرت دەکات. دەنگدانی دەرکردن چالاک دەکات. هیچ دەسەڵاتی جێبەجێکارانەی نییە — تەنها ڕوونی.,٣ مراقبين منتخبين، مستقلين عن المجلس والمجموعات. يمكنهم التحقيق في أي شيء. ينشرون النتائج مباشرة للجمعية العامة. يُفعّلون تصويت العزل. لا سلطة تنفيذية — فقط الشفافية.,۳ گچݔن بوتگݔں ٹپاس‌کار (Auditors)، چہ شۏرا ءُ کار-گرۏپاں آزات. ھر چی یے ءَ ٹپاسگ کن اَنت. وتی دست‌آتکاں سݔدھا عامݔں دیوان ءَ شنگ کن اَنت. پدا لۏٹگ ءِ رأیاں بنگیج کن اَنت. ھیچ واکدارݔں زۏرے نیست — تھنا شپاکݔں رۏژنائی.,۳ سئچیلمیش آودیتور (یوخلاییجی)، شورا و ایشچی قروپلاردان موستقیل. هر شئیی آراشدیرا بیلر. تاپینتیلاری بیرباشا باش مجلیسه نشر ائدیر. گری چاغیرما سس‌وئرمه‌سینی باشلادیر. هئچ بیر ایجرا ائدیجی حاکیمیت یوخدور — تکجه شفافلیق.
x_self_governing_open,Self-Governing · Open,خودگردان · باز,خۆبەڕێوەبەر · کراوە,ذاتية الحكم · مفتوحة,وتمختاری · پچ,اؤز-ایدارەچی · آچیق
x_independent_audit_transparency,Independent · Audit · Transparency,مستقل · بازرسی · شفافیت,سەربەخۆ · پشکنین · ڕوونی,مستقلة · تدقيق · شفافية,آزات · ٹپاسگ · شپاک,موستقیل · آودیت · شفافلیق
x_governance_accountability_mechanisms,Governance accountability mechanisms,سازوکارهای پاسخگویی حکمرانی,میکانیزمەکانی بەرپرسیاریەتی,آليات المساءلة والحوكمة,واکداری ءِ جۏاب‌دھی ءِ مکانیزم,ایداره‌ائتمه‌ده جاوابده‌لیک مکانیزملری
x_mechanism,Mechanism,سازوکار,مێکانیزم,الآلية,مکانیزم,مکانیزم
x_what_it_does,What It Does,عملکرد,کارەکەی,وظيفتها,اے چے کنت,بو نه ائدیر
x_meeting_time,Meeting time,زمان جلسات,کاتی کۆبوونەوە,وقت الاجتماع,دیوان ءِ وھد,ایجلاس واختی
x_all_sessions_at_18_00_20_00_cet_20_30_22_30_irst_c,All sessions at 18:00–20:00 CET (20:30–22:30 IRST) — chosen so diaspora and Iran can both attend,تمام نشست‌ها ساعت ۱۸:۰۰–۲۰:۰۰ به وقت اروپای مرکزی (۲۰:۳۰–۲۲:۳۰ به وقت ایران) — برای مشارکت همزمان داخل و دیاسپورا,هەموو کۆبوونەوەکان لە ١٨:٠٠–٢٠:٠٠ ی CET (٢٠:٣٠–٢٢:٣٠ ی IRST) — بۆ بەشداری دیاسپۆرا و ناوخۆ,جميع الجلسات الساعة ١٨:٠٠–٢٠:٠٠ بتوقيت وسط أوروبا (٢٠:٣٠–٢٢:٣٠ بتوقيت إيران) — لمشاركة الشتات وإيران معاً,دراھݔں دیوان ۱۸:۰۰–۲۰:۰۰ CET (۲۰:۳۰–۲۲:۳۰ IRST) — تاں دیاسپۏرا ءُ ایران ھوار بہ بنت,بوتون ایجلاسلار ساعت ۱۸:۰۰–۲۰:۰۰ CET (۲۰:۳۰–۲۲:۳۰ IRST) — دیاسپورا و ایرانین ایشتیراکی اوچون
x_participation_threshold,Participation threshold,آستانه‌ی مشارکت,ئاستی بەشداری,حد المشاركة,پدگیری ءِ کساس,ایشتیراک آستاناسی
x_must_vote_in_2_of_4_quarterly_sessions_to_keep_ver,Must vote in 2 of 4 quarterly sessions to keep verified status,باید در ۲ از ۴ جلسه‌ی فصلی رای بدهد تا وضعیت تاییدشده حفظ شود,دەبێ لە ٢ لە ٤ کۆبوونەوەی وەرز دەنگ بدات بۆ پاراستنی بارودۆخی پشتڕاستکراو,يجب التصويت في ٢ من ٤ جلسات فصلية للحفاظ على الحالة المُتحقق منها,وتی جاگہ ءِ رکݔنگ ءِ واستہ ۴ چارماھی دیواناں چہ ۲ دیوان ءَ رأی دیگ زروٗری اِنت,تأیید اولونموش وضعیتی ساخلاماق اوچون ۴ فصلی ایجلاسین ۲-سینده سس وئرمک واجیبدیر
x_staggered_elections,Staggered elections,انتخابات متناوب,هەڵبژاردنی نۆرەیی,انتخابات متناوبة,نۏبتی گچݔن‌کاری,نؤبه‌لی سئچکیلر
x_half_the_cc_rotates_every_6_months_always_a_fresh,Half the CC rotates every 6 months — always a fresh election,نصف شورا هر ۶ ماه تغییر می‌کند — همیشه انتخابات تازه,نیوەی ئەنجوومەن هەموو ٦ مانگ دەگۆڕێت — هەمیشە هەڵبژاردنی تازە,نصف المجلس يتغير كل ٦ أشهر — دائماً انتخابات جديدة,شۏرا ءِ نݔمگ ھر ۶ ماہ ءَ مٹ بیت — مدام نۏکݔں گچݔن‌کاری یے,شورانین یاریسی هر ۶ آیدا دییشیر — همیشه تزه سئچکی
x_recall_power,Recall power,قدرت عزل,دەسەڵاتی دەرکردن,سلطة العزل,پدا لۏٹگ ءِ واک,گری چاغیرما قدرتی
x_10_of_ga_can_trigger_recall_on_any_cc_member_at_an,10% of GA can trigger recall on any CC member at any time,۱۰٪ مجمع عمومی می‌تواند در هر زمان رای عزل هر عضو شورا را فعال کند,١٠٪ کۆبوونەوەی گشتی دەتوانێت هەر کاتێک دەنگدانی دەرکردنی هەر ئەندامێکی ئەنجوومەن چالاک بکات,١٠٪ من الجمعية يمكنهم تفعيل تصويت عزل أي عضو في أي وقت,عامݔں دیوان ءِ ۱۰٪ ھر وھد ءَ شۏرا ءِ ھر بھردارے ءِ پدا لۏٹگ ءَ بنگیج کت کنت,باش مجلیسین ۱۰٪-ی هر واخت شورا اوزوونون گری چاغیرما سس‌وئرمه‌سینی باشلادا بیلر
x_term_limits,Term limits,محدودیت دوره,سنووری ماوە,حدود الفترات,دْروشُم ءِ سیمسر,دؤوره محدودیتلری
x_cc_max_2_consecutive_watchdog_max_1_facilitators_m,CC: max 2 consecutive. Watchdog: max 1. Facilitators: max 3,شورا: حداکثر ۲ متوالی. ناظر: حداکثر ۱. تسهیل‌گران: حداکثر ۳,ئەنجوومەن: زۆرینە ٢ لەپشتیەکداهاتوو. چاودێر: زۆرینە ١. ئاسانکار: زۆرینە ٣,المجلس: حد أقصى ٢ متتاليتان. الرقابة: ١. الميسّرون: ٣,شۏرا: گݔشترݔں ۲ بر ءَ آتکگݔں. چارگݔر: گݔشترݔں ۱. آساں‌کار: گݔشترݔں ۳,شورا: ماکسیموم ۲ آردیجیل. ناظیر: ماکسیموم ۱. فاسیلیتاتورلار: ماکسیموم ۳
x_transparency_mandates,Transparency mandates,الزامات شفافیت,پێویستییەکانی ڕوونی,التزامات الشفافية,شپاک‌کاری ءِ پرماناں,شفافلیق طلب‌لری
x_cc_meetings_recorded_budgets_on_chain_monthly_publ,"CC meetings recorded, budgets on-chain, monthly public reports",جلسات شورا ضبط می‌شود، بودجه‌ها روی زنجیره، گزارش عمومی ماهانه,کۆبوونەوەکانی ئەنجوومەن تۆمار دەکرێن، بودجەکان لەسەر زنجیرە، ڕاپۆرتی گشتی مانگانە,جلسات المجلس مسجلة، الميزانيات على السلسلة، تقارير عامة شهرية,شۏرا ءِ دیوان ریکارِڈ بنت، بوُجہ‌ھاں آن-چݔن بنت، ماھانہ عامݔں راپۏرٹاں,شورا ایجلاسلاری قئیده آلینیر، بودجه‌لر بلاکچئینده‌دیر، آیلیق خالق راپورتلاری
x_charter_amendment,Charter amendment,اصلاح اساسنامه,گۆڕانکاری بنەمانامە,تعديل الميثاق,رھبند ءِ مٹ ءُ بدلی,نظامنامه دییشیکلیگی
x_ga_can_change_the_rules_with_supermajority,GA can change the rules with ⅔ supermajority,مجمع عمومی می‌تواند قوانین را با اکثریت ⅔ تغییر دهد,کۆبوونەوەی گشتی دەتوانێت یاساکان بگۆڕێت بە زۆرینەی ⅔,يمكن للجمعية العامة تغيير القواعد بأغلبية ⅔,عامݔں دیوان رھبنداں ⅔ گݔشترݔں رأی ءَ گۏں مٹ کت کنت,باش مجلس قایدالاری ⅔ سس چوخلوغو ایله دییشه بیلر
x_absolute_red_lines,Absolute Red Lines,خطوط قرمز مطلق,هێڵە سوورە بەرزەکان,خطوط حمراء مطلقة,سکݔں سُھرݔں لکݔر,مطلق قیرمیزی خطلر
x_debating_future_government_form_republic_monarchy,"Debating future government form (republic, monarchy, federation)",بحث درباره‌ی شکل حکومت آینده (جمهوری، مشروطه، فدرال),گفتوگۆ لەسەر شێوەی حکوومەتی داهاتوو (کۆمار، مۆنارکی، فیدراڵ),مناقشة شكل الحكومة المستقبلية (جمهورية، ملكية، فيدرالية),آتکݔں سرکار ءِ دْروشُم ءِ سر ءَ گپ ءُ تران (جمھوری، بادشاہی، پݔڈریشن),گله‌جک حؤکومت فورماسی حاقیندا موباحیثه (جومهوریت، مونارخیا، فئدئراسیا)
x_disagreeing_about_foreign_intervention_s_role,Disagreeing about foreign intervention's role,مخالفت با نقش مداخله‌ی خارجی,ناکۆکبوون لەسەر ڕۆڵی دەستێوەردانی دەرەکی,الاختلاف حول دور التدخل الخارجي,درآمداں ءِ دست‌مان‌جنی ءِ رۏل ءِ سر ءَ ناتپاکی,خاریجی موخالیفه‌نین رولو حاقیندا فیکیر آیریلیغی
x_criticizing_other_opposition_strategies,Criticizing other opposition strategies,انتقاد از استراتژی‌های دیگر اپوزیسیون,ڕەخنەلە ستراتیژی ئۆپۆزسیۆنی تر,انتقاد استراتيجيات المعارضة الأخرى,دگہ اپۏزیسیۏنانی ستراتیژیانی سر ءَ ایراد,دیگر موخالیفت ستراتئژیالارینی تنقید ائتمک
x_expressing_ethnic_national_and_regional_identity,"Expressing ethnic, national and regional identity",بیان هویت قومی، ملی و منطقه‌ای,دەربڕینی ناسنامەی ئیتنیکی، نەتەوەیی و ناوچەیی,التعبير عن الهوية العرقية، القومية والإقليمية,کئومی، راجی ءُ دمگی پجّار ءِ درشان,ائتنیک، میللی و بؤلگه‌سل کیملیگی ایفاده ائتمک
x_proposing_radical_ideas_within_the_boundaries_abov,Proposing radical ideas within the boundaries above,پیشنهاد ایده‌های بنیادین در چارچوب مرزهای بالا,پێشنیاری بیرۆکەی بنەڕەتی لە چوارچێوەی سنوورەکانی سەرەوە,اقتراح أفكار جذرية ضمن الحدود أعلاه,برزی سیمسرانی تہا بنیاتی ھیالانی پݔش‌کش کنگ,یوخاریداکی سرحدلر چرچیوه‌سینده رادیکال فیکیرلر تکلیف ائتمک
x_join_as_volunteer,Join as Volunteer,ثبت‌نام داوطلبانه,تۆمارکردنی خۆبەخش,سجّل كمتطوع,رزا کار ءِ ڈؤل ءَ ھوار بئیت,کؤنوللو اولاراق قوشولون
x_read_all_public_channels_watch_livestreams_self_jo,"Read all public channels, watch livestreams. Self-join via invite link.",خواندن تمام کانال‌های عمومی، تماشای پخش زنده. با لینک دعوت بپیوندید.,خوێندنەوەی هەموو کەناڵە گشتییەکان، سەیرکردنی پەخشی ڕاستەوخۆ. بە لینکی بانگهێشت بەشداربە.,اقرأ جميع القنوات العامة، شاهد البث المباشر. انضم ذاتياً عبر رابط الدعوة.,دراھݔں عامݔں چینلاں بوان اِت، زندگݔں شنگ ءَ بچار اِت. دعوتݔں لنک ءِ رھسرا وت ھوار بئیت.,بوتون آچیق کاناللاری اوخویون، جانلی یایینلاری ایزله‌یین. دعوت لینکی واسیطه‌سیله قوشولون.
x_accept_code_of_conduct_write_in_channels_join_work,"Accept code of conduct, write in channels, join working groups, post ideas.",منشور رفتاری را بپذیرید، در کانال‌ها بنویسید، به کارگروه‌ها بپیوندید، ایده بفرستید.,ڕێنامەی ڕەفتار پەسەند بکە، لە کەناڵەکان بنووسە، بەشداری گرووپە کارەکان بکە، بیرۆکە بنێرە.,اقبل مدونة السلوك، اكتب في القنوات، انضم لمجموعات العمل، أرسل أفكاراً.,رپتاری رھبنداں منّ اِت، چینلانی تہا بہ‌نویس اِت، کار ءِ گرۏپاں ھوار بئیت، ھیالاں شنگ بکن اِت.,داورانیش قایدالارینی قبول ائدین، کاناللاردا یازین، ایشچی قروپلارا قوشولون، فیکیرلر پایلاشین.
x_zkp_identity_verification_vote_in_formal_decisions,ZKP identity verification. Vote in formal decisions. Eligible for facilitation roles.,تایید هویت ZKP. رأی‌دهی در تصمیمات رسمی. واجد شرایط نقش‌های تسهیل‌گری.,ناسینەوەی ناسنامەی ZKP. دەنگدان لە بڕیارە فەرمییەکان. شایستەی ڕۆڵی ئاسانکاری.,تحقق هوية ZKP. التصويت في القرارات الرسمية. مؤهل لأدوار التيسير.,ZKP پجّار ءِ ٹپاس. رسمی پݔسلہ‌ھانی تہا رأی بݔیت. آساں‌کاری ءِ رۏل ءِ واستہ شایستہ.,ZKP کیملیک تصدیقی. رسمی قرارلاردا سس وئرین. فاسیلیتاتور روللاری اوچون اویغون.
x_github_repository,GitHub Repository,مخزن گیت‌هاب,ئەمباری گیتهاب,مستودع جيتهاب,گیٹ‌ھب ریپۏزٹری,گیتهاب رپوزیتوریسی
x_follow_updates_on_x,Follow Updates on X,پیگیری در X,بەدوادابچۆ لە X دا,تابعنا على X,X ءِ سر ءَ پدگیری بکن اِت,X-ده یئنیلیکلری ایزله‌یین
x_core_partners,Core Partners,همکاران اصلی,هاوبەشەکانی سەرەکی,الشركاء الأساسيون,بنگیجی ھمکاراں,اساس طرفداشلار
x_jomhoor,Jomhoor,جمهور,جمهور,جمهور,جمھور,جمهور
x_provides_civic_tech_infrastructure_for_democratic,provides civic tech infrastructure for democratic participation and citizen agency.,زیرساخت فناوری مدنی را برای مشارکت دموکراتیک و توانمندسازی شهروندان فراهم می‌کند.,ژێرخانی تەکنەلۆژیای مەدەنی بۆ بەشداری دیموکراسی و توانادانی هاوڵاتیان دابین دەکات.,يوفر البنية التحتية للتقنية المدنية من أجل المشاركة الديمقراطية وتمكين المواطنين.,دݔموکراسی ءِ پدگیری ءُ شھری واک ءِ واستہ راجی ٹݔک ءِ بنگیجاں دنت.,دئموکراتیک ایشتیراک و وطنداش آژئنتلیگی اوچون مدنی تکنولوژی آلت‌یاپیسینی تأمین ائدیر.
x_jomhoor_2,Jomhoor,جمهور,جمهور,جمهور,جمھور,جمهور
x_civic_tech,Civic Tech,فناوری مدنی,تەکنەلۆژیای مەدەنی,تقنية مدنية,راجی ٹݔکنالۏجی,مدنی تکنولوژی
x_atlas_iran_tcf_e_v,Atlas Iran / TCF e.V.,اطلس ایران / TCF e.V.,ئاتلاسی ئێران / TCF e.V.,أطلس إيران / TCF e.V.,اطلس ایران / TCF e.V.,اطلس ایران / TCF e.V.
x_atlas_iran,Atlas Iran,اطلس ایران,ئاتلاسی ئێران,أطلس إيران,اطلس ایران,اطلس ایران
x_tcf_e_v,TCF e.V.,TCF e.V.,TCF e.V.,TCF e.V.,TCF e.V.,TCF e.V.
x_mapping_legal,Mapping + Legal,نقشه‌برداری + حقوقی,نەخشەکێشان + یاسایی,خرائط + قانون,نقشہ‌کشی + قانونی,خریطه‌لشدیرمه + حوقوقی
x_technology_stack,Technology stack,فناوری‌های مورد استفاده,تەکنەلۆژیای بەکارهاتوو,المنظومة التقنية,ٹݔکنالۏجی ءِ بنگیج,تکنولوژی آلت‌یاپیسی
x_layer,Layer,لایه,چین,الطبقة,تہ,قات
x_purpose,Purpose,ابزار,ئامراز,الأداة,مراد,مقصدی
x_identity,Identity,هویت,ناسنامە,الهوية,پجّار,کیملیک
x_inid_sdk_rarimo_zk_passport,INID SDK + Rarimo ZK Passport,INID SDK + Rarimo ZK Passport,INID SDK + Rarimo ZK Passport,INID SDK + Rarimo ZK Passport,INID SDK + Rarimo ZK Passport,INID SDK + Rarimo ZK Passport
x_prove_citizenship_without_revealing_identity,Prove citizenship without revealing identity,اثبات تابعیت بدون افشای هویت,سەلماندنی هاوڵاتیبوون بەبێ ئاشکراکردنی ناسنامە,إثبات المواطنة دون كشف الهوية,شھری بئیگ ءَ ثابت بکن اِت بے پجّار ءِ پدّر کنگ ءَ,کیملیگی آچمادان وطنداشلیغی ثوبوت ائدین
x_deliberation,Deliberation,گفتگو,گفتوگۆ,التشاور,گپ ءُ تران,مصلحتلشمه
x_agora_polis_taraaz,Agora Polis / Taraaz,Agora Polis / ترازش,Agora Polis / ترازش,Agora Polis / ترازش,Agora Polis / ترازش,Agora Polis / ترازش
x_consensus_mapping_at_scale,Consensus mapping at scale,نقشه‌برداری اجماع در مقیاس,نەخشەکێشانی لێکهاتن لە ئاست,رسم خرائط الإجماع على نطاق واسع,پراہݔں کساس ءَ ھم‌رݔدݔں نقشہ‌کشی,گئنیش مقیاسدا کونسئنسوس خریطه‌سی
x_voting,Voting,رای‌گیری,دەنگدان,التصويت,رأی‌دنگ,سس‌وئرمه
x_iranians_vote_ranked_pairs,Iranians.Vote + Ranked Pairs,Iranians.Vote + Ranked Pairs,Iranians.Vote + Ranked Pairs,Iranians.Vote + Ranked Pairs,Iranians.Vote + Ranked Pairs,Iranians.Vote + Ranked Pairs
x_anonymous_verifiable_optimal_decisions,"Anonymous, verifiable, optimal decisions",تصمیمات ناشناس، قابل تایید، بهینه,بڕیارە بێناو، پشتراستکراو و باشترینەکان,قرارات مجهولة، قابلة للتحقق، مثلى,بے‌نامݔں، پکاݔں، شرترݔں پݔسلہ,آنونیم، تصدیقله‌نه بیلن، اوپتیمال قرارلار
x_communication,Communication,ارتباطات,پەیوەندی,التواصل,ھال ءُ اھوال,ایلتیشیم
x_slack,Slack,Slack,Slack,Slack,Slack,Slack
x_organized_channels_threads_video_calls,"Organized channels, threads, video calls",کانال‌های سازمان‌دهی‌شده، ریسه‌ها، تماس تصویری,کەناڵە ڕێکخراوەکان، ڕیسەکان، پەیوەندی ڤیدیۆیی,قنوات منظمة، مواضيع، مكالمات فيديو,رݔکبندݔں چینلاں، رݔدگاں، وݔڈیۏ کال,تشکیلاتلی کاناللار، ایپلیکلر، ویدئو زنگلر
x_treasury,Treasury,خزانه,گەنجینە,الخزينة,خزانہ,خزینه
x_multi_sig_dexe_dao,Multi-Sig + DeXe DAO,Multi-Sig + DeXe DAO,Multi-Sig + DeXe DAO,Multi-Sig + DeXe DAO,Multi-Sig + DeXe DAO,Multi-Sig + DeXe DAO
x_participatory_budgeting_transparent_funds,"Participatory budgeting, transparent funds",بودجه‌ریزی مشارکتی، صندوق شفاف,بودجەبەندی بەشدارانە، سەرمایەی ڕوون,موازنة تشاركية، أموال شفافة,پدگیری ءِ بوُجہ‌بندی، شپاکݔں پنڈاں,ایشتیراکچی بودجه‌لشدیرمه، شفاف فوندلار
x_assemble_founding_team_set_up_slack_workspace_draf,Assemble founding team · Set up Slack workspace · Draft charter · Contact first 20 organizations · Build this website,تشکیل تیم بنیان‌گذار · راه‌اندازی اسلک · تدوین منشور · تماس با ۲۰ سازمان اول · ساخت این وبسایت,کۆکردنەوەی تیمی دامەزرێنەر · دروستکردنی سلاک · نووسینی بنەمانامە · پەیوەندی بە ٢٠ ڕێکخراوی یەکەم · دروستکردنی ئەم وێبسایتە,تجميع الفريق المؤسس · إعداد سلاك · صياغة الميثاق · الاتصال بأول ٢٠ منظمة · بناء هذا الموقع,بنگیجی ٹݔم ءَ ھوار کن اِت · سلاک ءِ جاگہ ءَ جۏڑ کن اِت · رھبند ءَ بہ‌نویس اِت · اولی ۲۰ گل ءَ گۏں ھال کن اِت · اے وݔب‌سائٹ ءَ جۏڑ کن اِت,قوروجو کوماندا ییغماق · Slack ایش فضاسینی قورماق · نظامنامه لاییحه‌سینی یازماق · ایلک ۲۰ تشکیلاتلا علاقه قورماق · بو وئب‌سایتی یاراتماق
x_first_48_hour_sprint_9_working_groups_activate_liv,First 48-hour sprint · 9 working groups activate · Live Taraaz deliberation · Produce first outputs · Begin weekly rhythm,اولین اسپرینت ۴۸ ساعته · فعال‌سازی ۹ کارگروه · گفتگوی زنده در ترازش · تولید اولین خروجی‌ها · آغاز ریتم هفتگی,یەکەم سپرینتی ٤٨ کاتژمێری · چالاککردنی ٩ گرووپی کار · گفتوگۆی ڕاستەوخۆ لە ترازش · بەرهەمهێنانی یەکەم دەرئەنجامەکان · دەستپێکردنی ڕیتمی هەفتانە,أول سبرنت ٤٨ ساعة · تفعيل ٩ مجموعات عمل · تشاور مباشر على ترازش · إنتاج أول المخرجات · بدء الإيقاع الأسبوعي,اولی ۴۸-کلاکی اسپرینت · ۹ کار ءِ گرۏپ چالاک بنت · ترازش ءِ زندگݔں گپ ءُ تران · اولی درآراں پݔش کن اِت · ھپتگانہ ریتم ءَ بندات کن اِت,ایلک ۴۸ ساعاتلیق ایسپرینت · ۹ ایشچی قروپونو فعاللاشدیرین · جانلی Taraaz مصلحتلشمه‌سی · ایلک نتیجه‌لری حاصیل ائدین · هفته‌لیک ریتمه باشلایین
x_open_verified_membership_first_cc_election_all_9_w,"Open verified membership · First CC election · All 9 WGs active weekly · 1,000+ participants · Quarterly digital summits",افتتاح عضویت تأییدشده · اولین انتخابات شورا · هر ۹ کارگروه فعال هفتگی · ۱۰۰۰+ شرکت‌کننده · نشست‌های فصلی دیجیتال,کردنەوەی ئەندامایەتی پشتڕاستکراو · یەکەم هەڵبژاردنی ئەنجوومەن · هەموو ٩ گرووپی کار هەفتانە چالاک · ١٠٠٠+ بەشدار · کۆبوونەوەی وەرزی دیجیتاڵ,فتح العضوية المُتحقق منها · أول انتخابات للمجلس · كل ٩ مجموعات نشطة أسبوعياً · ١٠٠٠+ مشارك · قمم رقمية فصلية,پکاݔں بھرداری ءَ پچ کن اِت · شۏرا ءِ اولی گچݔن‌کاری · دراھݔں ۹ کار ءِ گرۏپ ھپتگانہ چالاک بنت · ۱۰۰۰+ بھردار · چارماھی ڈیجیٹالی دیواناں,تصدیقلنمیش اوزولوغو آچین · ایلک کووردیناسیا شوراسی (CC) سئچکیسی · بوتون ۹ ایشچی قروپو هفته‌لیک فعالدی · ۱۰۰۰+ ایشتیراکچی · فصلی دیجیتال زیروه‌لر
x_dao_activation_permanent_secretariat_annual_hybrid,DAO activation · Permanent secretariat · Annual hybrid summit · Constitutional proposals published · Replication toolkit,فعال‌سازی DAO · دبیرخانه‌ی دائمی · نشست سالانه‌ی ترکیبی · انتشار پیشنهادات قانون اساسی · جعبه‌ابزار تکرار,چالاککردنی DAO · سکرتاریای هەمیشەیی · کۆبوونەوەی ساڵانەی تێکەڵ · بڵاوکردنەوەی پێشنیاری دەستوور · ئامرازی دووبارەکردنەوە,تفعيل DAO · أمانة دائمة · قمة سنوية هجينة · نشر مقترحات دستورية · مجموعة أدوات للتكرار,ڈاؤ (DAO) ءِ چالاک کنگ · مدامیݔں سکرتاریٹ · سالانہ ھوارݔں دیوان · دستوٗری سۏجگانی شنگ کنگ · تکرار ءِ ٹوٗل‌کِٹ,DAO-نون فعاللاشدیریلماسی · دایمی کاتیبلیک · ایللیک هیبرید زیروه · آنایاسا تکلیفلرینین یایینلانماسی · تکرارلاما واسیطه‌لری
x_about,About,درباره,دەربارە,حول,بارہ ءَ,حاقیندا
x_governance,Governance,حکمرانی,بەڕێوەبردن,الحوكمة,سررشتگی,ایداره‌ائتمه
x_red_lines,Red Lines,خطوط قرمز,هێڵی سوور,خطوط حمراء,سُھرݔں لکݔر,قیرمیزی خطلر
x_github,GitHub,گیت‌هاب,گیتهاب,جيتهاب,گیٹ‌ھب,گیتهاب
x_x_twitter,X / Twitter,X / توییتر,X / تویتەر,X / تويتر,X / ٹویٹر,X / توییتر
x_jomhoor_3,Jomhoor,جمهور,جمهور,جمهور,جمھور,جمهور
x_atlas_iran_2,Atlas Iran,اطلس ایران,ئاتلاسی ئێران,أطلس إيران,اطلس ایران,اطلس ایران
x_english,English,انگلیسی,ئینگلیزی,الإنجليزية,انگریزی,اینگیلیسجه
x_transnational_community_federation_e_v,Transnational Community Federation e.V.,فدراسیون جوامع فراملی e.V.,فیدراسیۆنی کۆمەڵگە نێودەوڵەتییەکان e.V.,اتحاد المجتمعات العابرة للحدود e.V.,میان‌راجی تبکانی پݔڈریشن e.V.,میلتلرآراسی جامیعه‌لر فدراسیونو e.V.
planning_banner,This congress is in the planning phase. We welcome your ideas and suggestions —,این کنگره‌ی دیجیتال در مرحله‌ی برنامه‌ریزی است. پیشنهادها و ایده‌های شما را می‌پذیریم —,ئەم کۆنگرەیە لە قۆناغی پلانداناندایە. بیرۆکە و پێشنیارەکانتان بەخێرهاتووە —,هذا المؤتمر في مرحلة التخطيط. نرحب بأفكاركم واقتراحاتكم —,اے کانگرس برنامه‌ریزی ءِ پاز ءَ اِنت. شمئے ھیال ءُ شۏر وژآتک اَنت —,بو کونقره پلانلاشدیریم مرحله‌سینده‌دیر. فیکیر و تکلیف‌لرینیزی گؤزله‌ییریک —
stat_signups,People Joined,نفر پیوسته‌اند,کەس بەشدارییان کرد,شخص انضموا,مردم گۏں بوتگ‌اَنت,نفر قوشولوب
custodian_label,Custodian:,نگهدارنده:,پارێزەر:,الوصي:,ناظر:,ناظیر:
about_body,"Physical congresses happen once and vanish. Platforms exist but lack political process. Mapping projects document but don't engage. The Digital Iran Freedom Congress fills the gap: a continuous, digital-first political engagement process that connects diaspora and inside-Iran actors, uses proven privacy technology, and produces tangible outputs every single week.",کنگره‌های فیزیکی یک بار برگزار می‌شوند و از بین می‌روند. پلتفرم‌ها وجود دارند اما فاقد فرآیند سیاسی هستند. پروژه‌های نقشه‌برداری مستندسازی می‌کنند اما مشارکت ایجاد نمی‌کنند. کنگره‌ی دیجیتال آزادی ایران این خلأ را پر می‌کند: یک فرآیند مشارکت سیاسی پیوسته و دیجیتال که فعالان داخل و خارج از ایران (دیاسپورا) را به هم متصل می‌کند، از فناوری‌های اثبات‌شده‌ی حفظ حریم خصوصی استفاده می‌کند و هر هفته خروجی‌های ملموسی تولید می‌کند.,کۆنگرە فیزیکییەکان یەکجار ڕوودەدەن و نامێنن. پلاتفۆرمەکان بوونیان هەیە بەڵام پرۆسەی سیاسییان نییە. پڕۆژەکانی نەخشەکێشان بەڵگەنامە دەکەن بەڵام بەشداری دروست ناکەن. کۆنگرەی دیجیتاڵی ئازادیی ئێران ئەم بۆشاییە پڕدەکاتەوە: پرۆسەیەکی بەشداریی سیاسیی بەردەوام و دیجیتاڵی کە چالاکوانانی ناوخۆ و دەرەوەی ئێران (دیاسپۆرا) بەیەکەوە دەبەستێتەوە، تەکنەلۆژیای پاراستنی تایبەتمەندی بەکاردەهێنێت و هەموو هەفتەیەک دەرئەنجامی بەرجەستە بەرهەمدەهێنێت.,المؤتمرات الفعلية تُعقد مرة واحدة ثم تتلاشى. المنصات موجودة لكنها تفتقر إلى العملية السياسية. مشاريع رسم الخرائط توثق لكنها لا تُشرك الجماهير. المؤتمر الرقمي لحرية إيران يملأ هذا الفراغ: عملية مشاركة سياسية مستمرة ورقمية تربط بين الشتات والفاعلين داخل إيران، تستخدم تكنولوجيا الخصوصية المُثبتة، وتُنتج مخرجات ملموسة كل أسبوع.,جسدی کانگرس یک برے بنت ءُ گار بنت. پلتپۏرم ھست اَنت بلے سیاسی رھسراں چہ زبھر اَنت. نقشہ‌کشی ءِ پراجکٹ پد ءُ رنداں جۏڑ کن اَنت بلے مردماں ھوار نہ کن اَنت. ایران ءِ آزاتی ءِ ڈیجیٹالی کانگرس اے ھالیگݔں جاگہ ءَ پُر کنت: یک مدامیݔں ءُ ڈیجیٹالی سیاسی پدگیری ءِ رھسرے کہ دیاسپۏرا ءُ ایران ءِ تہا کار کنۏکݔں مردماں گۏں یکدگرا ھمگرنچ کنت، پکاݔں سلامتی ءِ ٹݔکنالۏجی کارمرز کنت، ءُ ھر ھپتگ پدّرݔں درآراں پݔش کنت.,فیزیکی کونقره‌لر بیر دفعه کئچیریلیر و یوخ اولور. پلاتفورملار مؤوجوددور، آمما سیاسی پروسئسلری یوخدور. خریطه‌لشدیرمه لاییحه‌لری سندلشدیریر، آمما ایشتیراک یاراتمیر. ایرانین دیجیتال آزادلیق کونقره‌سی بو بوشلوغو دولدورور: دیاسپورا و ایران داخیلینده‌کی آکتورلاری بیرلشدیرن، ثوبوت اولونموش گیزلیلیک تکنولوژیسیندن ایستیفاده ائدن و هر هفته کونکرئت نتیجه‌لر وئرن داواملی و ایلک نؤوبه‌ده دیجیتال سیاسی ایشتیراک پروسئسی.
rhythm_sat_plenary,Opening Plenary (livestreamed),نشست عمومی افتتاحیه (پخش زنده),دانیشتنی گشتیی کردنەوە (پەخشی ڕاستەوخۆ),الجلسة العامة الافتتاحية (بث مباشر),بنگیجی عامݔں دیوان (زندگݔں شنگ),آچیلیش باش مجلیسی (جانلی یاییم)
rhythm_sat_wg,Working Group sessions (parallel),جلسات کارگروه‌ها (موازی),دانیشتنەکانی گرووپی کار (هاوتەریب),جلسات مجموعات العمل (متوازية),کار ءِ گرۏپانی دیوان (پلو پہ پلو),ایشچی قروپ ایجلاسلاری (پارالئل)
rhythm_sun_wg,Working Group sessions (continued),جلسات کارگروه‌ها (ادامه),دانیشتنەکانی گرووپی کار (بەردەوام),جلسات مجموعات العمل (مستمرة),کار ءِ گرۏپانی دیوان (برجاہ),ایشچی قروپ ایجلاسلاری (داوامی)
rhythm_sun_townhall,Public Town Hall + Closing (livestreamed),نشست عمومی مردمی و اختتامیه (پخش زنده),کۆبوونەوەی گشتیی جەماوەری و کۆتایی (پەخشی ڕاستەوخۆ),اجتماع عام مفتوح وختام (بث مباشر),مردمی دیوان ءُ ھلاسی (زندگݔں شنگ),خالق ایجلاسی و باغلانیش (جانلی یاییم)
signup_counter_suffix,people have joined,نفر پیوسته‌اند,کەس بەشدارییان کردووە,شخص انضموا,مردم ھوار بوتگ‌اَنت,نفر قوشولوب
tech_col_tool,Tool,ابزار,ئامراز,الأداة,ھاژہ,آلت
stat_num_working_groups,9,۹,٩,٩,٩,۹
stat_num_launch_sprint,48h,۴۸ ساعت,٤٨ کات,٤٨ ساعة,٤٨ ساعت,۴۸ ساعت
stat_num_weekends,∞,∞,∞,∞,∞,∞
stat_num_venue_cost,€0,€۰,€٠,€٠,€٠,€۰
planning_phase_cta,Planning Phase — Join the Conversation,مرحله‌ی برنامه‌ریزی — در گفتگو شرکت کنید,قۆناغی پلاندانان — بەشداری گفتوگۆکە بکە,مرحلة التخطيط — شارك في الحوار,برنامه‌ریزی ءِ پاز — گپ ءُ تران ءَ ھوار بئیت,پلانلاشدیریم مرحله‌سی — مذاکره‌یه قوشولون
